name,rx_dose,conversion_factor,dosage_strength,type
ACETAMINOPHEN-CODEINE 120-12 MG/5ML OR ELIX,,0.15,2.4,1
ACETAMINOPHEN-CODEINE 120-12 MG/5ML PO SOLN,,0.15,2.4,1
ACETAMINOPHEN-CODEINE 120-12 MG/5ML PO SUSP,,0.15,2.4,1
ACETAMINOPHEN-CODEINE #2 300-15 MG PO TABS,,0.15,15,1
ACETAMINOPHEN-CODEINE #2 325-15 MG OR TABS,,0.15,15,1
ACETAMINOPHEN-CODEINE 300-15 MG PO TABS,,0.15,15,1
ACETAMINOPHEN-CODEINE 300-30 MG PO TABS,,0.15,30,1
ACETAMINOPHEN-CODEINE 300-60 MG PO TABS,,0.15,60,1
ACETAMINOPHEN-CODEINE 325-30 MG OR CAPS,,0.15,30,1
ACETAMINOPHEN-CODEINE 325-60 MG OR CAPS,,0.15,60,1
ACETAMINOPHEN-CODEINE #3 300-30 MG PO TABS,,0.15,30,1
ACETAMINOPHEN-CODEINE #4 300-60 MG PO TABS,,0.15,60,1
ACETAMINOPHEN-CODEINE 650-30 MG PO TABS,,0.15,30,1
ANTITUSSIVE COUGH/CODEINE 2-10-5 MG/5ML OR SYRP,,0.15,,1
APAP-CODEINE PHOSPHATE 120-12 MG/5ML OR SOLN,,0.15,2.4,1
ASPIRIN-CAFF-DIHYDROCODEINE 356.4-30-16 MG PO CAPS,,0.15,16,1
ASPIRIN-CODEINE #3 325-30 MG PO TABS,,0.15,30,1
BROMPHEN DC/CODEINE 2-10-12.5 MG/5ML OR SYRP,,0.15,,1
BUTALBITAL-ASA-CAFF-CODEINE 50-325-40-30 MG PO CAPS,,0.15,30,1
BUTALBITAL COMPOUND-CODEINE 50-200-40-30 MG PO CAPS,,0.15,30,1
CAPITAL/CODEINE 120-12 MG/5ML PO SUSP,,0.15,2.4,1
CARISOPRODOL-ASPIRIN-CODEINE 200-325-16 MG PO TABS,,0.15,16,1
CHLORPHENIRAMINE-CODEINE 2-10 MG/5ML PO LIQD,,0.15,2,1
CODEINE-BROMPHENIRAMINE 10-2 MG/5ML PO SYRP,,0.15,2,1
CODEINE-GG 10-100 MG/5ML OR LIQD,,0.15,2,1
CODEINE-GG 10-300 MG OR TABS,,0.15,10,1
CODEINE-GUAIFENESIN 10-100 MG/5ML OR SOLN,,0.15,2,1
CODEINE-GUAIFENESIN 10-100 MG/5ML OR SYRP,,0.15,2,1
CODEINE-GUAIFENESIN 10-300 MG OR TABS,,0.15,10,1
CODEINE PHOSPHATE 15 MG/5ML OR SOLN,,0.15,3,1
CODEINE PHOSPHATE 15 MG/ML IJ SOLN,,0.15,15,1
CODEINE PHOSPHATE 30 MG IJ TBSO,,0.15,30,1
CODEINE PHOSPHATE 30 MG/ML IJ SOLN,,0.15,30,1
CODEINE PHOSPHATE 30 MG OR TBSO,,0.15,30,1
CODEINE PHOSPHATE 60 MG OR TBSO,,0.15,60,1
CODEINE PHOSPHATE SOLUBLE 30 MG IJ TBSO,,0.15,30,1
CODEINE SULFATE 15 MG/2.5ML PO SOLN,,0.15,6,1
CODEINE SULFATE 15 MG PO TABS,,0.15,15,1
CODEINE SULFATE 30 MG/5ML PO SOLN,,0.15,6,1
CODEINE SULFATE 30 MG PO TABS,,0.15,30,1
CODEINE SULFATE 60 MG PO TABS,,0.15,60,1
FIORICET/CODEINE 50-325-40-30 MG PO CAPS,,0.15,30,1
FIORINAL/CODEINE #3 50-325-40-30 MG PO CAPS,,0.15,30,1
GUAIFENESIN-CODEINE 100-10 MG/5ML PO LIQD,,0.15,2,1
GUAIFENESIN-CODEINE 100-10 MG/5ML PO SOLN,,0.15,2,1
GUAIFENESIN-CODEINE 100-10 MG/5ML PO SYRP,,0.15,2,1
GUAIFENESIN-CODEINE 100-6.3 MG/5ML PO SOLN,,0.15,1.26,1
GUAIFENESIN-CODEINE 10-100 MG/5ML OR SYRP,,0.15,20,1
GUAIFENESIN-CODEINE 200-10 MG/5ML PO LIQD,,0.15,2,1
GUAIFENESIN-CODEINE 200-20 MG/5ML PO LIQD,,0.15,4,1
GUAIFENESIN-CODEINE 200-9 MG PO CAPS,,0.15,9,1
GUAIFENESIN-CODEINE 300-10 MG/20ML PO LIQD,,0.15,0.5,1
GUAIFENESIN-CODEINE 300-10 MG/5ML PO LIQD,,0.15,2,1
GUAIFENESIN-CODEINE 300-10 MG PO TABS,,0.15,10,1
GUAIFENESIN-CODEINE 400-10 MG PO TABS,,0.15,10,1
GUAIFENESIN-CODEINE 400-20 MG PO TABS,,0.15,20,1
GUAITUSSIN/CODEINE 10-100 MG/5ML OR SYRP,,0.15,20,1
PHENERGAN/CODEINE 6.25-10 MG/5ML OR SYRP,,0.15,2,1
PHENERGAN VC/CODEINE 6.25-5-10 MG/5ML OR SYRP,,0.15,,1
PHENYLEPH-CHLORPHEN-CODEINE 5-2-10 MG/5ML PO SYRP,,0.15,2,1
PHENYLEPH-DIHYDROCODEINE-GG 5-7.5-50 MG/5ML PO SYRP,,0.15,1.5,1
PROMETHAZINE-CODEINE 6.25-10 MG/5ML PO SYRP,,0.15,2,1
PROMETHAZINE-PE-CODEINE 6.25-5-10 MG/5ML OR SYRP,,0.15,2,1
PROMETHAZINE PLAIN/CODEINE 6.25-10 MG/5ML OR SYRP,,0.15,2,1
PROMETHAZINE VC/CODEINE 6.25-5-10 MG/5ML PO SYRP,,0.15,2,1
PROMETH VC/CODEINE 6.25-5-10 MG/5ML OR SYRP,,0.15,2,1
PSEUDOEPH-CHLORPHEN-CODEINE 30-2-10 MG/5ML PO LIQD,,0.15,2,1
PSEUDOEPHEDRINE-CODEINE 30-10 MG/5ML PO LIQD,,0.15,2,1
PSEUDOEPHEDRINE-CODEINE-GG 15-5-50 MG/5ML PO SYRP,,0.15,1,1
PSEUDOEPHEDRINE-CODEINE-GG 22.5-10-100 MG/5ML PO LIQD,,0.15,2,1
PSEUDOEPHEDRINE-CODEINE-GG 30-10-100 MG/5ML PO SOLN,,0.15,2,1
PSEUDOEPHEDRINE-CODEINE-GG 30-10-100 MG/5ML PO SYRP,,0.15,2,1
SOMA COMPOUND/CODEINE 200-325-16 MG PO TABS,,0.15,16,1
TYLENOL/CODEINE 120-12 MG/5ML OR ELIX,,0.15,2.4,1
TYLENOL/CODEINE #2 TABS 300-15 MG OR,,0.15,15,1
TYLENOL WITH CODEINE #3 300-30 MG PO TABS,,0.15,30,1
TYLENOL WITH CODEINE #4 300-60 MG PO TABS,,0.15,60,1
ACTIQ 1200 MCG BU LPOP,,0.13,1.2,1
ACTIQ 200 MCG BU LPOP,,0.13,0.2,1
ACTIQ 400 MCG BU LPOP,,0.13,0.4,1
DURAGESIC-100 100 MCG/HR TD PT72,,7.20,0.1,1
DURAGESIC-12 12 MCG/HR TD PT72,,7.20,0.012,1
DURAGESIC-25 25 MCG/HR TD PT72,,7.20,0.025,1
DURAGESIC-50 50 MCG/HR TD PT72,,7.20,0.05,1
DURAGESIC-75 75 MCG/HR TD PT72,,7.20,0.075,1
FENTANYL 100 MCG/HR TD PT72,,7.20,0.1,1
FENTANYL 12 MCG/HR TD PT72,,7.20,0.012,1
FENTANYL 2500 MCG/250 ML D5W INFUSION,,7.20,0.01,1
FENTANYL 2500 MCG/250 ML NS INFUSION,,7.20,0.01,1
FENTANYL 25 MCG/HR TD PT72,,7.20,0.025,1
FENTANYL 50 MCG/HR TD PT72,,7.20,0.05,1
FENTANYL 75 MCG/HR TD PT72,,7.20,0.075,1
FENTANYL AND BUPIVACAINE EPIDURAL,,,,1
FENTANYL CITRATE 0.05 MG/ML IJ SOLN,,7.20,0.05,1
FENTANYL CITRATE 100 MCG BU LPOP,,0.13,0.1,1
FENTANYL CITRATE 100 MCG BU TABS,,0.13,0.1,1
FENTANYL CITRATE 200 MCG BU LPOP,,0.13,0.2,1
FENTANYL CITRATE 200 MCG BU TABS,,0.13,0.2,1
FENTANYL CITRATE 200 MCG (HOSP) BU LPOP,,0.13,0.2,1
FENTANYL CITRATE 400 MCG BU LPOP,,0.13,0.4,1
FENTANYL CITRATE-NACL 10-0.9 MCG/ML-% IJ SOLN,,7.20,0.01,1
FENTANYL INFUSION,,,,1
FENTANYL WITH ROPIVACAINE EPIDURAL BAG,,,,1
FENTANYL WITH ROPIVACAINE EPIDURAL INFUSION,,,,1
FENTANYL WITH ROPIVACAINE EPIDURAL SYRINGE,,,,1
RX FENTANYL (DURAGESIC) 100 MCG/HR WITH PATCH REMOVAL,,7.20,0.1,1
RX FENTANYL (DURAGESIC) 12 MCG/HR WITH PATCH REMOVAL,,7.20,0.012,1
RX FENTANYL (DURAGESIC) 25 MCG/HR WITH PATCH REMOVAL,,7.20,0.025,1
RX FENTANYL (DURAGESIC) 50 MCG/HR WITH PATCH REMOVAL,,7.20,0.05,1
RX FENTANYL (DURAGESIC) 75 MCG/HR WITH PATCH REMOVAL,,7.20,0.075,1
DILAUDID 2 MG PO TABS,,4.00,2,1
DILAUDID 3 MG PR SUPP,,4.00,3,1
DILAUDID 4 MG/ML IJ SOLN,,20.00,4,1
DILAUDID 4 MG PO TABS,,4.00,4,1
DILAUDID-5 1 MG/ML PO LIQD,,4.00,1,1
DILAUDID 8 MG PO TABS,,4.00,8,1
HYDROMORPHONE 100 MG/100 ML D5W (CONCENTRATED) INFUSION,,20.00,1,1
HYDROMORPHONE 100 MG/100 ML NS (CONCENTRATED) INFUSION,,20.00,1,1
HYDROMORPHONE 20 MG/100 ML NS INFUSION,,20.00,0.2,1
HYDROMORPHONE 50 MG/250 ML NS INFUSION,,20.00,0.2,1
HYDROMORPHONE (CONCENTRATED) INFUSION,,20.00,,1
HYDROMORPHONE HCL 10 MG/ML IJ SOLN,,20.00,10,1
HYDROMORPHONE HCL 1 MG/ML IJ SOLN,,20.00,1,1
HYDROMORPHONE HCL 1 MG/ML PO LIQD,,4.00,1,1
HYDROMORPHONE HCL 1 MG PO TABS,,4.00,1,1
HYDROMORPHONE HCL 2 MG PO TABS,,4.00,2,1
HYDROMORPHONE HCL 3 MG PR SUPP,,4.00,3,1
HYDROMORPHONE HCL 4 MG PO TABS,,4.00,4,1
HYDROMORPHONE HCL 8 MG PO TABS,,4.00,8,1
HYDROMORPHONE HCL ER 16 MG PO T24A,,4.00,16,1
HYDROMORPHONE HCL ER 8 MG PO T24A,,4.00,8,1
HYDROMORPHONE HCL-NACL 0.2-0.9 MG/ML-% IJ SOLN,,20.00,0.2,1
HYDROMORPHONE HCL PF 1 MG/ML IJ SOLN,,20.00,1,1
HYDROMORPHONE HCL PF 500 MG/50ML IJ SOLN,,20.00,10,1
HYDROMORPHONE INFUSION,,20.00,,1
HYDROMORPHONE ORAL SOLUTION 2 MG/ML,,4.00,2,1
HYDROMORPHONE PCA 30 MG IN 30 ML,,20.00,1,1
DEMEROL 100 MG/ML IJ SOLN,,0.30,100,1
DEMEROL 100 MG PO TABS,,0.10,100,1
DEMEROL 25 MG/ML IJ SOLN,,0.30,25,1
DEMEROL 50 MG/5ML PO SYRP,,0.10,10,1
DEMEROL 50 MG/ML IJ SOLN,,0.30,50,1
DEMEROL 50 MG PO TABS,,0.10,50,1
DEMEROL 75 MG/ML IJ SOLN,,0.30,75,1
MEPERIDINE HCL 100 MG/ML IJ SOLN,,0.30,100,1
MEPERIDINE HCL 100 MG PO TABS,,0.10,100,1
MEPERIDINE HCL 10 MG/ML IJ SOLN,,0.30,10,1
MEPERIDINE HCL 25 MG/ML IJ SOLN,,0.30,25,1
MEPERIDINE HCL 50 MG/5ML PO SOLN,,0.10,10,1
MEPERIDINE HCL 50 MG/ML IJ SOLN,,0.30,50,1
MEPERIDINE HCL 50 MG PO TABS,,0.10,50,1
AVINZA 30 MG PO CP24,,1.00,30,1
AVINZA 45 MG PO CP24,,1.00,45,1
KADIAN 20 MG PO CP24,,1.00,20,1
KADIAN 30 MG PO CP24,,1.00,30,1
KADIAN 50 MG PO CP24,,1.00,50,1
KADIAN 60 MG PO CP24,,1.00,60,1
MORPHINE 100 MG/100 ML D5W INFUSION,,3.00,1,1
MORPHINE 100 MG/100 ML NS INFUSION,,3.00,1,1
MORPHINE 250 MG/250 ML D5W INFUSION,,3.00,1,1
MORPHINE 250 MG/250 ML NS INFUSION,,3.00,1,1
MORPHINE INFUSION,,3.00,,1
MORPHINE NEONATAL ORAL SYRINGE 0.4 MG/ML,,1.00,0.4,1
MORPHINE SULFATE 100 MG PO TB12,,1.00,100,1
MORPHINE SULFATE 10 MG/0.5ML PO SOLN,,1.00,20,1
MORPHINE SULFATE 10 MG/5ML PO SOLN,,1.00,2,1
MORPHINE SULFATE 10 MG IJ TBSO,,3.00,10,1
MORPHINE SULFATE 10 MG/ML IJ SOLN,,3.00,10,1
MORPHINE SULFATE 10 MG OR TBSO,,1.00,10,1
MORPHINE SULFATE 10 MG PR SUPP,,1.00,10,1
MORPHINE SULFATE 150 MG/30ML IV SOLN,,3.00,5,1
MORPHINE SULFATE 15 MG OR CAPS,,1.00,15,1
MORPHINE SULFATE 15 MG OR TBSO,,1.00,15,1
MORPHINE SULFATE 15 MG PO TABS,,1.00,15,1
MORPHINE SULFATE 15 MG PO TB12,,1.00,15,1
MORPHINE SULFATE 1 MG/ML IV SOLN,,3.00,1,1
MORPHINE SULFATE 20 MG/10ML PO SOLN,,1.00,2,1
MORPHINE SULFATE 20 MG/5ML PO SOLN,,1.00,4,1
MORPHINE SULFATE 2 MG/ML IJ SOLN,,3.00,2,1
MORPHINE SULFATE 30 MG IJ TBSO,,3.00,30,1
MORPHINE SULFATE 30 MG OR CAPS,,1.00,30,1
MORPHINE SULFATE 30 MG PO TABS,,1.00,30,1
MORPHINE SULFATE 30 MG PO TB12,,1.00,30,1
MORPHINE SULFATE 4 MG/ML IJ SOLN,,3.00,4,1
MORPHINE SULFATE 5 MG PR SUPP,,1.00,5,1
MORPHINE SULFATE 60 MG PO TB12,,1.00,60,1
MORPHINE SULFATE (CONCENTRATE) 20 MG/ML PO SOLN,,1.00,20,1
MORPHINE SULFATE CR 100 MG PO TB12,,1.00,100,1
MORPHINE SULFATE CR 15 MG PO TB12,,1.00,15,1
MORPHINE SULFATE CR 200 MG PO TB12,,1.00,200,1
MORPHINE SULFATE CR 30 MG PO TB12,,1.00,30,1
MORPHINE SULFATE CR 60 MG PO TB12,,1.00,60,1
MORPHINE SULFATE ER 100 MG PO CP24,,1.00,100,1
MORPHINE SULFATE ER 100 MG PO TBCR,,1.00,100,1
MORPHINE SULFATE ER 10 MG PO CP24,,1.00,10,1
MORPHINE SULFATE ER 15 MG PO TB12,,1.00,15,1
MORPHINE SULFATE ER 15 MG PO TBCR,,1.00,15,1
MORPHINE SULFATE ER 200 MG PO TBCR,,1.00,200,1
MORPHINE SULFATE ER 20 MG PO CP24,,1.00,20,1
MORPHINE SULFATE ER 30 MG PO CP24,,1.00,30,1
MORPHINE SULFATE ER 30 MG PO TBCR,,1.00,30,1
MORPHINE SULFATE ER 40 MG PO CP24,,1.00,40,1
MORPHINE SULFATE ER 60 MG PO CP24,,1.00,60,1
MORPHINE SULFATE ER 60 MG PO TB12,,1.00,60,1
MORPHINE SULFATE ER 60 MG PO TBCR,,1.00,60,1
MORPHINE SULFATE ER 80 MG PO CP24,,1.00,80,1
MORPHINE SULFATE ER BEADS 30 MG PO CP24,,1.00,30,1
MORPHINE SULFATE ER BEADS 60 MG PO CP24,,1.00,60,1
MORPHINE SULFATE IN DEXTROSE 100-5 MG/100ML-% IJ SOLN,,3.00,1,1
MORPHINE SULFATE IN DEXTROSE 1-5 MG/ML-% IJ SOLN,,3.00,1,1
MORPHINE SULFATE IR 20 MG/5ML OR SOLN,,1.00,4,1
MORPHINE SULFATE IR 30 MG OR TABS,,1.00,30,1
MORPHINE SULFATE (PF) 1 MG/ML IJ SOLN,,3.00,1,1
MORPHINE SULFATE (PF) 1 MG/ML IV SOLN,,3.00,1,1
MORPHINE SULFATE (PF) 2 MG/ML IV SOLN,,3.00,2,1
MORPHINE SULFATE (PF) 4 MG/ML IV SOLN,,3.00,4,1
MS CONTIN 100 MG PO TBCR,,1.00,100,1
MS CONTIN 15 MG PO TBCR,,1.00,15,1
MS CONTIN 200 MG PO TBCR,,1.00,200,1
MS CONTIN 30 MG PO TBCR,,1.00,30,1
MS CONTIN 60 MG PO TBCR,,1.00,60,1
MSIR 15 MG OR TABS,,1.00,15,1
MSIR 30 MG OR TABS,,1.00,30,1
ORAMORPH SR 100 MG PO TBCR,,1.00,100,1
ORAMORPH SR 15 MG PO TBCR,,1.00,15,1
ORAMORPH SR 30 MG PO TBCR,,1.00,30,1
ORAMORPH SR 60 MG PO TBCR,,1.00,60,1
ROXANOL 20 MG/ML PO SOLN,,1.00,20,1
ROXANOL-T 20 MG/ML OR SOLN,,1.00,20,1
ENDOCET 10-325 MG PO TABS,,1.50,10,1
ENDOCET 10-650 MG PO TABS,,1.50,10,1
ENDOCET 5-325 MG PO TABS,,1.50,5,1
ENDOCET 7.5-325 MG PO TABS,,1.50,7.5,1
ENDOCET 7.5-500 MG PO TABS,,1.50,7.5,1
OXYCODONE-ACETAMINOPHEN 10-300 MG PO TABS,,1.50,10,1
OXYCODONE-ACETAMINOPHEN 10-325 MG PO TABS,,1.50,10,1
OXYCODONE-ACETAMINOPHEN 10-400 MG PO TABS,,1.50,10,1
OXYCODONE-ACETAMINOPHEN 10-500 MG PO TABS,,1.50,10,1
OXYCODONE-ACETAMINOPHEN 10-650 MG PO TABS,,1.50,10,1
OXYCODONE-ACETAMINOPHEN 2.5-300 MG PO TABS,,1.50,2.5,1
OXYCODONE-ACETAMINOPHEN 2.5-325 MG PO TABS,,1.50,2.5,1
OXYCODONE-ACETAMINOPHEN 5-300 MG PO TABS,,1.50,5,1
OXYCODONE-ACETAMINOPHEN 5-325 MG/5ML PO SOLN,,1.50,1,1
OXYCODONE-ACETAMINOPHEN 5-325 MG PO TABS,,1.50,5,1
OXYCODONE-ACETAMINOPHEN 5-500 MG PO CAPS,,1.50,5,1
OXYCODONE-ACETAMINOPHEN 5-500 MG PO TABS,,1.50,5,1
OXYCODONE-ACETAMINOPHEN 7.5-300 MG PO TABS,,1.50,7.5,1
OXYCODONE-ACETAMINOPHEN 7.5-325 MG PO TABS,,1.50,7.5,1
OXYCODONE-ACETAMINOPHEN 7.5-400 MG PO TABS,,1.50,7.5,1
OXYCODONE-ACETAMINOPHEN 7.5-500 MG PO TABS,,1.50,7.5,1
OXYCODONE-ASPIRIN 4.5-0.38-325 MG PO TABS,,1.50,4.5,1
OXYCODONE HCL 100 MG/5ML PO CONC,,1.50,20,1
OXYCODONE HCL 10 MG PO TABS,,1.50,10,1
OXYCODONE HCL 15 MG PO TABS,,1.50,15,1
OXYCODONE HCL 160 MG OR TB12,,1.50,160,1
OXYCODONE HCL 20 MG PO TABS,,1.50,20,1
OXYCODONE HCL 30 MG PO TABS,,1.50,30,1
OXYCODONE HCL 5 MG/5ML PO SOLN,,1.50,1,1
OXYCODONE HCL 5 MG PO CAPS,,1.50,5,1
OXYCODONE HCL 5 MG PO TABA,,1.50,5,1
OXYCODONE HCL 5 MG PO TABS,,1.50,5,1
OXYCODONE HCL 7.5 MG PO TABA,,1.50,7.5,1
OXYCODONE HCL ER 10 MG PO T12A,,1.50,10,1
OXYCODONE HCL ER 10 MG PO TB12,,1.50,10,1
OXYCODONE HCL ER 15 MG PO T12A,,1.50,15,1
OXYCODONE HCL ER 15 MG PO TB12,,1.50,15,1
OXYCODONE HCL ER 20 MG PO T12A,,1.50,20,1
OXYCODONE HCL ER 20 MG PO TB12,,1.50,20,1
OXYCODONE HCL ER 30 MG PO T12A,,1.50,30,1
OXYCODONE HCL ER 30 MG PO TB12,,1.50,30,1
OXYCODONE HCL ER 40 MG PO T12A,,1.50,40,1
OXYCODONE HCL ER 40 MG PO TB12,,1.50,40,1
OXYCODONE HCL ER 60 MG PO T12A,,1.50,60,1
OXYCODONE HCL ER 60 MG PO TB12,,1.50,60,1
OXYCODONE HCL ER 80 MG PO T12A,,1.50,80,1
OXYCODONE HCL ER 80 MG PO TB12,,1.50,80,1
OXYCODONE-IBUPROFEN 5-400 MG PO TABS,,1.50,5,1
OXYCONTIN 10 MG PO T12A,,1.50,10,1
OXYCONTIN 10 MG PO TB12,,1.50,10,1
OXYCONTIN 15 MG PO TB12,,1.50,15,1
OXYCONTIN 20 MG PO TB12,,1.50,20,1
OXYCONTIN 30 MG PO TB12,,1.50,30,1
OXYCONTIN 40 MG PO T12A,,1.50,40,1
OXYCONTIN 40 MG PO TB12,,1.50,40,1
OXYCONTIN 60 MG PO TB12,,1.50,60,1
OXYCONTIN 80 MG PO TB12,,1.50,80,1
PERCOCET 10-325 MG PO TABS,,1.50,10,1
PERCOCET 10-650 MG PO TABS,,1.50,10,1
PERCOCET 2.5-325 MG PO TABS,,1.50,2.5,1
PERCOCET 5-325 MG PO TABS,,1.50,5,1
PERCOCET 7.5-325 MG PO TABS,,1.50,7.5,1
PERCOCET 7.5-500 MG PO TABS,,1.50,7.5,1
PERCOCET TABS 500-7.5 MG OR,,1.50,7.5,1
PERCOCET TABS 650-10 MG OR,,1.50,10,1
PERCODAN 4.5-0.38-325 MG PO TABS,,1.50,4.5,1
PERCODAN-DEMI 325-2.25-0.19 MG OR TABS,,1.50,2.25,1
ROXICET 5-325 MG/5ML PO SOLN,,1.50,1,1
ROXICET 5-325 MG PO TABS,,1.50,5,1
ROXICET 5-500 MG PO TABS,,1.50,5,1
TO-GO PERCOCET,,1.50,,1
BELLADONNA-OPIUM 16.2-30 MG PR SUPP,,1.00,30,1
OPIUM 10 MG/ML (1%) PO TINC,,1.00,10,1
OPIUM 10 % OR TINC,,1.00,10,1
DOLOPHINE 10 MG PO TABS,,3.00,10,1
DOLOPHINE 5 MG PO TABS,,3.00,5,1
METHADONE HCL 10 MG/5ML PO SOLN,,3.00,2,1
METHADONE HCL 10 MG/ML IJ SOLN,,6.00,10,1
METHADONE HCL 10 MG/ML PO CONC,,3.00,10,1
METHADONE HCL 10 MG PO TABS,,3.00,10,1
METHADONE HCL 40 MG OR TBDP,,3.00,40,1
METHADONE HCL 40 MG PO TBSO,,3.00,40,1
METHADONE HCL 5 MG/5ML PO SOLN,,3.00,1,1
METHADONE HCL 5 MG PO TABS,,3.00,5,1
METHADONE HCL INTENSOL 10 MG/ML PO CONC,,3.00,10,1
METHADONE HCL POWD,,,,1
METHADONE IVPB,,6.00,,1
METHADONE POWD,,,,1
ACETAMINOPHEN-HYDROCODONE 325-10 MG OR TABS,,1.00,10,1
ACETAMINOPHEN-HYDROCODONE 325-7.5 MG OR TABS,,1.00,7.5,1
ACETAMINOPHEN-HYDROCODONE 500-5 MG OR CAPS,,1.00,5,1
ACETAMINOPHEN-HYDROCODONE 500-7.5 MG OR TABS,,1.00,7.5,1
CHLORPHENIRAMINE-HYDROCODONE 8-10 MG/5ML PO LQCR,,1.00,2,1
HYDROCODONE-ACETAMINOPHEN 10-250 MG OR TABS,,1.00,10,1
HYDROCODONE-ACETAMINOPHEN 10-300 MG/15ML PO SOLN,,1.00,0.67,1
HYDROCODONE-ACETAMINOPHEN 10-300 MG PO TABS,,1.00,10,1
HYDROCODONE-ACETAMINOPHEN 10-325 MG/15ML PO SOLN,,1.00,0.67,1
HYDROCODONE-ACETAMINOPHEN 10-325 MG PO TABS,,1.00,10,1
HYDROCODONE-ACETAMINOPHEN 10-500 MG/15ML PO SOLN,,1.00,0.67,1
HYDROCODONE-ACETAMINOPHEN 10-500 MG PO TABS,,1.00,10,1
HYDROCODONE-ACETAMINOPHEN 10-650 MG PO TABS,,1.00,10,1
HYDROCODONE-ACETAMINOPHEN 10-660 MG PO TABS,,1.00,10,1
HYDROCODONE-ACETAMINOPHEN 10-750 MG PO TABS,,1.00,10,1
HYDROCODONE-ACETAMINOPHEN 2.5-108 MG/5ML PO SOLN,,1.00,0.5,1
HYDROCODONE-ACETAMINOPHEN 2.5-167 MG/5ML OR ELIX,,1.00,0.5,1
HYDROCODONE-ACETAMINOPHEN 2.5-325 MG PO TABS,,1.00,2.5,1
HYDROCODONE-ACETAMINOPHEN 2.5-500 MG PO TABS,,1.00,2.5,1
HYDROCODONE-ACETAMINOPHEN 5-300 MG PO TABS,,1.00,5,1
HYDROCODONE-ACETAMINOPHEN 5-325 MG PO TABS,,1.00,5,1
HYDROCODONE-ACETAMINOPHEN 5-500 MG PO CAPS,,1.00,5,1
HYDROCODONE-ACETAMINOPHEN 5-500 MG PO TABS,,1.00,5,1
HYDROCODONE-ACETAMINOPHEN 7.5-300 MG PO TABS,,1.00,7.5,1
HYDROCODONE-ACETAMINOPHEN 7.5-325 MG/15ML PO SOLN,,1.00,0.5,1
HYDROCODONE-ACETAMINOPHEN 7.5-325 MG PO TABS,,1.00,7.5,1
HYDROCODONE-ACETAMINOPHEN 7.5-400 MG PO TABS,,1.00,7.5,1
HYDROCODONE-ACETAMINOPHEN 7.5-500 MG/15ML PO SOLN,,1.00,0.5,1
HYDROCODONE-ACETAMINOPHEN 7.5-500 MG PO TABS,,1.00,7.5,1
HYDROCODONE-ACETAMINOPHEN 7.5-650 MG PO TABS,,1.00,7.5,1
HYDROCODONE-ACETAMINOPHEN 7.5-750 MG PO TABS,,1.00,7.5,1
HYDROCODONE-APAP 500-7.5 MG/15ML OR ELIX,,1.00,0.5,1
HYDROCODONE-APAP-DIETARY PROD 10-325 MG PO MISC,,1.00,10,1
HYDROCODONE-APAP-DIETARY PROD 10-650 MG PO MISC,,1.00,10,1
HYDROCODONE-APAP-DIETARY PROD 5-500 MG PO MISC,,1.00,5,1
HYDROCODONE-APAP-DIETARY PROD 7.5-750 MG PO MISC,,1.00,7.5,1
HYDROCODONE-ASPIRIN 5-500 MG OR TABS,,1.00,5,1
HYDROCODONE BITARTRATE CRYS,,1.00,,1
HYDROCODONE-CHLORPHENIRAMINE 5-4 MG/5ML PO SOLN,,1.00,1,1
HYDROCODONE GF 5-100 MG/5ML OR SYRP,,1.00,1,1
HYDROCODONE-GG 100-5 MG/5ML OR SYRP,,1.00,1,1
HYDROCODONE-GG EXPECTORANT 5-100 MG/5ML PO SYRP,,1.00,1,1
HYDROCODONE-GUAIFENESIN 10-1000 MG PO TB12,,1.00,10,1
HYDROCODONE-GUAIFENESIN 2.5-100 MG/5ML PO SYRP,,1.00,0.5,1
HYDROCODONE-GUAIFENESIN 2.5-200 MG/5ML PO SYRP,,1.00,0.5,1
HYDROCODONE-GUAIFENESIN 5-100 MG/5ML PO LIQD,,1.00,1,1
HYDROCODONE-GUAIFENESIN 5-100 MG/5ML PO SYRP,,1.00,1,1
HYDROCODONE-HOMATROPINE 5-1.5 MG/5ML PO SYRP,,1.00,1,1
HYDROCODONE-HOMATROPINE 5-1.5 MG PO TABS,,1.00,5,1
HYDROCODONE-IBUPROFEN 10-200 MG PO TABS,,1.00,10,1
HYDROCODONE-IBUPROFEN 2.5-200 MG PO TABS,,1.00,2.5,1
HYDROCODONE-IBUPROFEN 5-200 MG PO TABS,,1.00,5,1
HYDROCODONE-IBUPROFEN 7.5-200 MG PO TABS,,1.00,7.5,1
HYDROCODONE PA 5-25 MG/5ML OR SYRP,,1.00,1,1
HYDROCODONE PA PEDIATRIC 2.5-12.5 MG/5ML OR SYRP,,1.00,0.5,1
IBUPROFEN-HYDROCODONE 200-7.5 MG OR TABS,,1.00,7.5,1
LORCET 10/650 10-650 MG PO TABS,,1.00,10,1
LORCET-HD 5-500 MG OR CAPS,,1.00,5,1
LORCET PLUS 7.5-650 MG PO TABS,,1.00,7.5,1
LORTAB 10-500 MG PO TABS,,1.00,10,1
LORTAB 2.5 2.5-500 MG PO TABS,,1.00,2.5,1
LORTAB 5 500-5 MG OR TABS,,1.00,5,1
LORTAB 5-500 MG PO TABS,,1.00,5,1
LORTAB 7.5-500 MG/15ML OR ELIX,,1.00,0.5,1
LORTAB 7.5-500 MG/15ML PO ELIX,,1.00,0.5,1
LORTAB 7.5-500 MG PO TABS,,1.00,7.5,1
NORCO 10-325 MG PO TABS,,1.00,10,1
NORCO 5-325 MG PO TABS,,1.00,5,1
NORCO 7.5-325 MG PO TABS,,1.00,7.5,1
PHENYLEPHRINE-HYDROCODONE-GG 10-2.5-225 MG/5ML PO SOLN,,1.00,0.5,1
THSC HYDROCODONE-APAP 5-500 MG OR TABS,,1.00,5,1
VICODIN 5-300 MG PO TABS,,1.00,5,1
VICODIN 5-500 MG PO TABS,,1.00,5,1
VICODIN ES 750-7.5 MG OR TABS,,1.00,7.5,1
VICODIN ES 7.5-750 MG PO TABS,,1.00,7.5,1
VICODIN HP 10-660 MG PO TABS,,1.00,10,1
VICOPROFEN 7.5-200 MG OR TABS,,1.00,7.5,1
VICOPROFEN 7.5-200 MG PO TABS,,1.00,7.5,1
OXYMORPHONE HCL 10 MG PO TABS,,3.00,10,1
OXYMORPHONE HCL 5 MG PO TABS,,3.00,5,1
OXYMORPHONE HCL ER 10 MG PO TB12,,3.00,10,1
OXYMORPHONE HCL ER 15 MG PO TB12,,3.00,15,1
OXYMORPHONE HCL ER 20 MG PO TB12,,3.00,20,1
OXYMORPHONE HCL ER 30 MG PO TB12,,3.00,30,1
OXYMORPHONE HCL ER 40 MG PO T12A,,3.00,40,1
OXYMORPHONE HCL ER 40 MG PO TB12,,3.00,40,1
OXYMORPHONE HCL ER 5 MG PO TB12,,3.00,5,1
OXYMORPHONE HCL ER 7.5 MG PO TB12,,3.00,7.5,1
PENTAZOCINE-NALOXONE 50-0.5 MG PO TABS,,0.37,50,1
PENTAZOCINE-NALOXONE HCL 50-0.5 MG PO TABS,,0.37,50,1
TALWIN COMPOUND 12.5-325 MG OR TABS,,0.37,12.5,1
TALWIN NX 50-0.5 MG PO TABS,,0.37,0.5,1
BUTORPHANOL TARTRATE 10 MG/ML NA SOLN,,7.00,10,1
BUTORPHANOL TARTRATE 2 MG/ML IJ SOLN,,7.00,10,1
